"File","Title","DescLen","HashHref","InternalBlank","Keywords","Strange","Service","Breadcrumb"
"about.html","Tentang Radar Kediri Institute | Profil, Visi Misi & Tim Kediri","196","0","0","False","False","False","True"
"artikel-lama.html","Akselerasi Karier Digital: RK Institute dan GM Academy Cetak 30 Talenta Kreatif Unggulan di Kediri","207","0","0","False","False","False","True"
"blog.html","Blog RK Institute Kediri | Insight Jurnalistik, Digital Marketing & Public Speaking","150","0","0","False","False","False","True"
"event-outbound-mtsn-2-kota-kediri.html","Cara Game Outbound SJT Membentuk Karakter Strategis Siswa MTsN 2 Kediri","174","0","0","False","False","True","True"
"event-wisuda-sekolah-kampus.html","Event Wisuda Sekolah & Kampus Profesional | Radar Kediri Institute","199","0","0","False","False","True","True"
"event.html","Event & Dokumentasi Kegiatan RK Institute Kediri | Portofolio Program","153","0","0","False","False","False","True"
"galeri.html","Galeri Kegiatan RK Institute Kediri | Dokumentasi Pelatihan & Event","148","0","0","False","False","False","True"
"gebyar-dies-natalis-milad-sekolah.html","Gebyar Dies Natalis / Milad Sekolah Profesional | Radar Kediri Institute","235","0","0","False","False","True","True"
"index.html","Pelatihan Jurnalistik, Digital Marketing & Event Organizer Kediri | Radar Kediri Institute","220","0","0","False","False","False","False"
"jasa-press-release-publikasi.html","Jasa Press Release & Publikasi Media | Radar Kediri Institute","244","0","0","False","False","True","True"
"journalist-kids-experience.html","Journalist Kids Experience untuk PAUD, TK & SD/MI | Radar Kediri Institute","219","0","0","False","False","True","True"
"kelas-inspirasi-character-building.html","Kelas Inspirasi & Character Building untuk Sekolah dan Kampus | Radar Kediri Institute","209","0","0","False","False","True","True"
"kka.html","Kompetisi Kompetensi Akademik (KKA) untuk Sekolah & Madrasah | Radar Kediri Institute","199","0","0","False","False","True","True"
"kolaborasi-smkn-1-kras-radar-kediri-digital-marketing.html","Kolaborasi SMKN 1 Kras dan Radar Kediri: Puluhan Lulusan Vokasi Kuasai Pasar Digital","183","0","0","False","False","False","True"
"layanan-desain-grafis-konten-kreator.html","Layanan Desain Grafis & Konten Kreator | Radar Kediri Institute","153","0","0","False","False","True","True"
"layanan-event-organizer.html","Event Organizer Profesional Kediri | Radar Kediri Institute","206","0","0","False","False","True","True"
"layanan-pelatihan-coding-ai.html","Pelatihan Coding & AI untuk Pelajar | Radar Kediri Institute","224","0","0","False","False","True","True"
"layanan-pelatihan-digital-marketing.html","Pelatihan Digital Marketing | Radar Kediri Institute","258","0","0","False","False","True","True"
"ldks-camp.html","LDKS Camp & Leadership Training | Radar Kediri Institute","159","0","0","False","False","True","True"
"outbound-team-building.html","Program Outbound & Team Building | Radar Kediri Institute","208","0","0","False","False","True","True"
"parenting-program.html","Parenting Program & Character Building | Radar Kediri Institute","170","0","0","False","False","True","True"
"pelatihan-desain-grafis.html","Pelatihan Desain Grafis | Radar Kediri Institute","160","0","0","False","False","True","True"
"pelatihan-desain-website-media-sekolah-smk-al-huda-kediri.html","Cara SMK Al Huda Kota Kediri Persiapkan Siswa Kuasai Dunia Digital","241","0","0","False","False","True","True"
"pelatihan-digital-marketing-guru-honorer-kediri.html","Pelatihan Digital Marketing Disdik Kediri: Solusi Cerdas Tingkatkan Kesejahteraan Guru Honorer","212","0","0","False","False","True","True"
"pelatihan-digital-marketing-kediri-fotografi-produk.html","Pelatihan Digital Marketing Guru Honorer Kediri: Foto Produk Bisa Gandakan Penjualan","195","0","0","False","False","True","True"
"pelatihan-digital-marketing.html","Pelatihan Digital Marketing untuk Sekolah, SMK & Perusahaan | Radar Kediri Institute","172","0","0","False","False","True","True"
"pelatihan-fotografi-jurnalistik.html","Pelatihan Fotografi Jurnalistik | Radar Kediri Institute","173","0","0","False","False","True","True"
"pelatihan-jurnalistik-investigasi.html","Pelatihan Jurnalistik Investigasi | Radar Kediri Institute","232","0","0","False","False","True","True"
"pelatihan-jurnalistik-public-speaking-mahasiswa-keperawatan-kediri.html","Dari Ruang Kuliah ke Ruang Redaksi: Mahasiswa Keperawatan Kediri Belajar Bicara & Menulis","226","0","0","False","False","True","True"
"pelatihan-jurnalistik-public-speaking-siswa-man-3-kediri.html","Membangun Karakter Kritis & Percaya Diri: Suksesnya Pelatihan Jurnalistik dan Public Speaking di MAN 3 Kediri","218","0","0","False","False","True","True"
"pelatihan-literasi-digital.html","Pelatihan Literasi Digital & Keamanan Informasi | Radar Kediri Institute","152","0","0","False","False","True","True"
"pelatihan-mc-dan-moderator.html","Pelatihan MC & Moderator Profesional | Radar Kediri Institute","177","0","0","False","False","True","True"
"pelatihan-public-speaking.html","Pelatihan Public Speaking & Motivasi | Radar Kediri Institute","238","0","0","False","False","True","True"
"pelatihan-videografi-jurnalistik.html","Pelatihan Videografi Jurnalistik | Radar Kediri Institute","164","0","0","False","False","True","True"
"pelatihan-website-coding-ai.html","Pelatihan Website, Coding & AI | Radar Kediri Institute","187","0","0","False","False","True","True"
"pemilu-osis-demokrasi-pelajar.html","Pemilu OSIS & Demokrasi Pelajar | Radar Kediri Institute","170","0","0","False","False","True","True"
"pengelolaan-media-sekolah.html","Pengelolaan Media Sekolah & Kampus (School Media to Manage) | Radar Kediri Institute","179","0","0","False","False","True","True"
"politics-government-studies.html","Politics & Government Studies for Students | Radar Kediri Institute","159","0","0","False","False","True","True"
"portofolio.html","Portofolio RK Institute Kediri | Proyek Pelatihan, Event & Publikasi","145","0","0","False","False","False","True"
"privacy.html","Kebijakan Privasi Radar Kediri Institute","127","0","0","False","False","False","True"
"program-magang-digital-marketing-jurnalistik-kediri.html","Program Magang Mahasiswa: RK Institute dan GM Academy Cetak 30 Talenta Kreatif Unggulan di Kediri","207","0","0","False","False","False","True"
"service.html","Layanan Pelatihan RK Institute Kediri | Jurnalistik, Digital Marketing, EO, Coding AI","174","0","0","False","False","False","True"
"strategi-juara-kka-radar-kediri-kalahkan-ratusan-finalis.html","Strategi Juara KKA Radar Kediri: Kalahkan Ratusan Finalis & Raih Medali","142","0","0","False","False","False","True"
"student-journalist-trip.html","Student Journalist Trip – Pelatihan Jurnalistik Lapangan untuk Pelajar | Radar Kediri Institute","180","0","0","False","False","True","True"
"terms.html","Ketentuan Layanan Radar Kediri Institute","126","0","0","False","False","False","True"
"training-sosial-media-branding.html","Pelatihan Strategi Media Sosial & Branding | Radar Kediri Institute","163","0","0","False","False","True","True"
